{
  "cv": {
    "n_splits": 5,
    "macro_f1_mean": 0.46089191232048377,
    "macro_f1_std": 0.08726722467050912,
    "macro_f1_per_fold": [
      0.4047619047619047,
      0.35185185185185186,
      0.5510204081632654,
      0.42063492063492064,
      0.5761904761904763
    ]
  },
  "oof_macro_f1": 0.4128824476650564,
  "classification_report": {
    "dining_out": {
      "precision": 0.55,
      "recall": 0.8461538461538461,
      "f1-score": 0.6666666666666666,
      "support": 13.0
    },
    "entertainment": {
      "precision": 1.0,
      "recall": 0.5,
      "f1-score": 0.6666666666666666,
      "support": 4.0
    },
    "grocery": {
      "precision": 0.8181818181818182,
      "recall": 0.75,
      "f1-score": 0.782608695652174,
      "support": 12.0
    },
    "home": {
      "precision": 0.0,
      "recall": 0.0,
      "f1-score": 0.0,
      "support": 2.0
    },
    "misc_fees": {
      "precision": 0.0,
      "recall": 0.0,
      "f1-score": 0.0,
      "support": 2.0
    },
    "other": {
      "precision": 0.0,
      "recall": 0.0,
      "f1-score": 0.0,
      "support": 4.0
    },
    "subscriptions": {
      "precision": 0.0,
      "recall": 0.0,
      "f1-score": 0.0,
      "support": 1.0
    },
    "transportation": {
      "precision": 0.8,
      "recall": 0.8,
      "f1-score": 0.8,
      "support": 15.0
    },
    "travel": {
      "precision": 0.6666666666666666,
      "recall": 1.0,
      "f1-score": 0.8,
      "support": 2.0
    },
    "accuracy": 0.6545454545454545,
    "macro avg": {
      "precision": 0.4260942760942761,
      "recall": 0.4329059829059829,
      "f1-score": 0.4128824476650564,
      "support": 55.0
    },
    "weighted avg": {
      "precision": 0.6236639118457301,
      "recall": 0.6545454545454545,
      "f1-score": 0.6240843214756259,
      "support": 55.0
    }
  },
  "n_train": 55
}